{"hnsw": {"build_time_minutes": 2.2381026888966664, "search_time_minutes": 0.013215706876666667, "mem_diff_gb": 1.572466688, "mem_final_gb": 2.4316002304, "recall": 0.9686776}, "faiss": {"build_time_minutes": 2.5815373188666664, "search_time_minutes": 0.02768660439, "mem_diff_gb": 1.5406833664, "mem_final_gb": 2.5152249855999997, "recall": 0.9937714}, "diskann": {"build_time_minutes": 6.794476068986666, "search_time_minutes": 0.03519330211666666, "mem_diff_gb": 0.5118918656, "mem_final_gb": 1.9665903615999998, "recall": 0.9985288000000002}}